Incident,Reported,Occurred,Type,Location,Summary,Status
2023-1004,04/30/23 05:01 PM,12/01/22 - 04/30/23,Larceny,2 Metrotech,A staff member reported missing personal property.,Open
2023-0999,04/29/23 08:37 PM,04/29/23 08:37 PM,Loitering,Basic Science Building,A campus safety officer reported a loitering.,Open
2023-0996,04/29/23 03:50 PM,04/29/23 03:50 PM,Loitering,Education Building,A campus safety officer reported loitering.,Open
2023-0993,04/29/23 12:29 PM,04/29/23 12:29 PM,Criminal Trespass,Lafayette Hall,A campus safety officer reported a trespass.,Open
2023-0992,04/29/23 12:06 PM,04/28/23 - 04/29/23,Criminal Mischief,University Hall - exterior,A campus safety officer reported damage to property.,Open
2023-0991,04/29/23 10:54 AM,04/28/23 - 04/29/23,Criminal Mischief,Brittany Hall - exterior,A campus safety officer reported damage to property.,Open
2023-0990,04/29/23 08:16 AM,04/29/23 08:16 AM,Criminal Trespass,Vanderbilt Hall,A campus safety officer reported a trespass.,Open
2023-0989,04/29/23 05:30 AM,04/29/23 05:30 AM,Criminal Trespass,Carlyle Court Residence Hall,A campus safety officer reported a trespass.,Open
01156-2023,04/27/23 05:25 PM,04/27/23 05:25 PM,Liquor Law Violation,Paulson Center Residence Hall,An RA reported underage alcohol possession.,Closed/Referred to Office of Student Conduct & Community Standards
01103-2023,04/27/23 05:29 PM,04/27/23 05:20 PM,Liquor Law Violation,Paulson Center Residence Hall,A staff member reported underage liquor possession.,Closed/Referred to Office of Student Conduct & Community Standards
01101-2023,04/27/23 01:30 PM,04/27/23 01:30 PM,Criminal Trespass,Weinstein Hall,A campus safety officer reported a trespass.,Open
2023-0972,04/27/23 01:20 PM,04/27/23 01:00 PM - 04/27/23 01:15 PM,Larceny,NYU Bookstore,An NYU Bookstore staff member reported retail theft.,Open
2023-0957,04/26/23 01:48 PM,04/26/23 01:35 PM,Disorderly Conduct,Schwartz Hall,A staff member reported a disorderly conduct.,Open
2023-0967,04/26/23 09:30 PM,04/25/23 - 04/26/23,Criminal Mischief,Waverly Building,A staff member reported a criminal mischief.,Open
2023-0965,04/26/23 10:28 PM,04/24/23 08:51 PM,Larceny,Lafayette Hall,A student reported missing personal property.,Open
2023-0963,04/26/23 09:05 PM,04/26/23 09:05 PM,Larceny / Extortion,Lafayette Hall,A student reported an extortion incident.,Open
BOOK016,04/26/23 01:00 PM,04/26/23 12:55 PM,Larceny,NYU Bookstore,A staff member reported an attempted retail theft.,Closed
2023-0962,04/26/23 07:14 PM,04/20/23 - 04/26/23,Larceny,Third North Hall,A student reported missing personal property.,Open
2023-0961,04/26/23 02:48 PM,04/25/23 02:30 PM,Criminal Mischief,Rogers Hall,A staff member reported a criminal mischief.,Open
2023-0953,04/25/23 11:00 PM,04/20/23 - 04/25/23,Harassment,Skirball Theater,A student reported a harassment.,Open
2023-0952,04/25/23 07:43 PM,04/25/23 05:00 PM - 04/25/23 06:00 PM,Larceny,Silver Center,A student reported missing personal property.,Open
2023-0948,04/25/23 11:45 AM,04/25/23 11:45 AM,Harassment,Schwartz Hall,A staff member reported a harassment.,Open
2023-0951,04/25/23 02:40 PM,04/25/23 02:40 PM,Attempted Robbery,Brooklyn Commons,A student reported an attempted robbery.,Open
2023-0947,04/25/23 08:55 AM,04/24/23 - 04/25/23,Criminal Mischief,Palladium Hall - exterior,A campus safety officer reported graffiti.,Open
2023-0943,04/24/23 10:07 PM,04/24/23 10:04 PM,Loitering,Alumni Hall,A campus safety officer reported loitering.,Open
2023-0940,04/24/23 05:17 PM,04/21/23 05:30 PM - 04/24/23 12:00 PM,Larceny,20 Cooper Square,A staff member reported missing equipment.,Open
2023-0939,5/1/2023 3:22 PM,4/22/2023 12:14 AM,Harassment,Washington Square Park,A Campus Safety Officer reported a harassment.,Closed
2023-0938,04/24/23 04:30 PM,04/24/23 03:20 PM,Robbery,Brooklyn Commons,A student reported an attempted robbery.,Open
2023-0936,04/24/23 09:30 AM,04/24/23 09:30 AM,Harassment,Schwartz Hall,A staff member reported a harassment.,Open
2023-0937,04/24/23 04:10 PM,04/21/23 05:15 PM - 04/24/23 09:30 AM,Larceny,Vanderbilt Hall,A staff member reported missing personal property.,Open
2023-0934,04/23/23 08:39 PM,04/23/23 08:39 PM,Harassment,111 Second Avenue - exterior,Two students reported a harassment.,Open
2023-0932,04/23/23 02:07 AM,04/23/23 02:07 AM,Criminal Trespass,Third North Hall,A campus safety officer reported a trespass.,Open
2023-0930,04/23/23 04:03 PM,04/23/23 04:00 PM,Harassment,251 Mercer Street - exterior,Two student reported a harassment.,Open
2023-0929,04/23/23 03:37 PM,04/15/23 12:15 AM,Robbery,Brooklyn Commons,A student reported a robbery.,Open
2023-0922,04/22/23 04:30 PM,04/22/23 01:20 PM - 04/22/23 04:05 PM,Larceny,20 Cooper Street,A student reported missing personal property.,Open
2023-0917,04/21/23 05:40 PM,04/21/23 10:40 AM - 04/21/23 05:40 PM,Motor Vehicle Theft,5 Metrotech,A student reported the theft of a motorized scooter.,Open
2023-0913,04/21/23 02:37 PM,04/21/23 02:20 PM,Dating Violence / Simple Assault,1 Washington Square North - exterior,A student reported a simple assault/dating violence incident.,Open
2023-0909,04/20/23 03:10 PM,04/20/23 02:37 PM,Disorderly Conduct,Schwartz Hall,A staff member reported a disorderly conduct.,Open
01117-2023,04/19/23 03:45 PM,05/19/23 03:45 PM,Liquor Law Violation,Third North Hall,A staff member reported underage alcohol possession.,Closed/Referred to Office of Student Conduct & Community Standards
2023-0902,04/19/23 10:34 PM,04/17/23 12:00 PM - 04/17/23 10:13 PM,Larceny,725 Broadway,A student reported missing personal property.,Open
2023-0898,04/19/23 03:39 PM,04/19/23 12:20 PM,Harassment,Sullivan Street and West 3rd Street,A student reported a harassment.,Open
2023-0895,04/19/23 10:24 AM,04/19/23 10:24 AM,Criminal Trespass,44 West 4th Street,A campus safety officer reported an attempted trespass.,Open
2023-0894,04/19/23 11:30 AM,04/19/23 11:25 AM,Harassment,Washington Place and Mercer Street,A campus safety officer reported a harassment.,Open
2023-0892,04/19/23 09:30 AM,04/12/23 01:00 PM,Harassment / Simple Assault,Washington Square Park,A staff member reported a harassment / simple assault. This incident is being classified a bias incident.,Open
2023-0887,04/18/23 04:16 PM,04/09/23 - 04/13/23,Larceny,University Hall,A student reported missing personal property.,Open
2023-0885,04/18/23 03:48 PM,04/18/23 03:48 PM,Harassment,Five Guys - exterior,Two students reported a harassment.,Open
2023-0883,04/18/23 11:00 AM,04/13/23 12:00 AM,Larceny,Silver Center,A staff member reported missing equipment.,Open
2023-0882,04/18/23 07:54 PM,04/18/23 07:10 PM,Harassment,Lafayette Hall,A student reported a harassment.,Open
2023-0879,04/17/23 06:27 PM,04/15/23 11:00 AM,Larceny,15 Washington Place,A staff member reported a bike theft.,Open
2023-0874,04/17/23 09:50 AM,04/13/23 10:15 AM - 04/18/23 10:15 AM,Stalking,Shimkin Hall,A student reported a stalking.,Open
2023-0872,04/17/23 09:46 AM,04/14/23 05:40 PM,Simple Assault - Bias Incident,Washington Square North and Washington Square West,A staff member reported a simple assault. This incident is being classified as a bias incident.,Open
2023-0870,04/17/23 04:16 AM,04/17/23 04:00 AM,Robbery,McDonald's on Broadway - exterior,A student reported an attempted robbery.,Open
2023-0869,04/17/23 03:42 AM,04/17/23 03:58 AM,Robbery,Grey Art Gallery - exterior,A student reported an attempted robbery.,Open
01006-2023,04/16/23 04:18 PM,04/16/23 12:00 AM,Criminal Trespass,Lipton Hall,A student reported a criminal trespass.,Closed/Referred to Office of Student Conduct & Community Standards
2023-0865,04/15/23 09:58 PM,04/15/23 09:54 PM - 04/15/23 12:00 AM,Larceny,Weinstein Hall,A student reported missing personal property.,Open
2023-0859,04/15/23 03:59 AM,04/15/23 03:50 AM,Criminal Trespass,Founders Hall,Two student reported a trespass.,Open
C.0007646,04/14/23 02:55 PM,04/02/23 - 04/08/23,Rape / Aggravated Assault,Broome Street Hall,A student reported a rape and aggravated assault.,Closed/Referred to Title IX
00987-2023,04/14/23 04:23 AM,04/13/23 12:00 AM,Harassment,Hayden Hall,A student reported a harassment.,Closed/Referred to Office of Student Conduct & Community Standards
00983-2023,04/14/23 08:00 AM,04/14/23 02:30 AM,Menacing,Lafayette Hall,A student reported a menacing.,Closed/Referred to Office of Student Conduct & Community Standards
2023-0853,04/14/23 05:01 PM,04/14/23 04:09 PM,Larceny,Washington Square Park,A student reported an attempted larceny.,Open
2023-0849,04/14/23 01:15 PM,04/14/23 01:49 PM,Harassment,Broadway (between Washington Place and Waverly Place),A student reported a harassment.,Open
2023-0846,04/14/23 09:18 AM,04/14/23 09:18 AM,Criminal Trespass,721 Broadway,A campus safety officer reported an attempted trespass.,Open
00967-2023,04/14/23 12:57 AM,04/07/23 - 04/14/23,Larceny,University Hall,Two students reported missing personal property.,Closed/Referred to Office of Student Conduct & Community Standards
BOOK015,04/13/23 01:04 PM,04/13/23 12:25 PM,Larceny,NYU Bookstore,A staff member reported a retail theft.,Closed
2023-0844,04/13/23 03:45 PM,04/12/23 - 04/13/23 12,Criminal Mischief,239 Greene Street - exterior,A staff member reported graffiti.,Open
2023-0841,04/13/23 06:27 PM,04/13/23 06:27 PM,Criminal Trespass,Fairchild Building,A staff member reported a trespass.,Open
2023-0840,04/13/23 05:39 PM,January 2023,Rape,Third North Hall,A student reported a rape.,Open
2023-0834,04/13/23 09:27 AM,04/12/23 12:00 AM - 04/13/23 12:00 AM,Criminal Mischief,244 Green Street - exterior,A staff member reported graffiti.,Open
2023-0833,04/13/23 01:45 AM,04/13/23 01:35 AM,Harassment,370 Jay Street - exterior,A student reported a harassment.,Open
00951-2023,04/12/23 12:00 AM,03/26/23 - 04/05/23,Harassment,Othmer Hall,A student reported a harassment.,Closed
2023-0832,04/12/23 10:00 PM,04/12/23 10:00 PM,Robbery (reclassified from Larceny),Warren Weaver Hall - exterior,A student reported a larceny. The incident was upgraded to a robbery on 4/13/2023.,Open
2023-0830,04/12/23 04:53 PM,04/11/23 06:00 PM - 04/12/23 09:30 AM,Larceny,Education Building,A student reported missing personal property.,Open
2023-0824,04/12/23 04:31 PM,04/12/23 03:40 PM,Fondling,Washington Square Park,A student reported a fondling.,Open
2023-0823,04/12/23 02:15 PM,04/12/23 02:15 PM,Criminal Trespass,Kimmel Center,A staff member reported an attempted trespass.,Closed
2023-0822,04/12/23 03:49 PM,04/12/23 01:50 PM - 04/12/23 03:40 PM,Larceny,2 Metrotech,A student reported missing personal property.,Open
2023-0812,4/6/2023 8:00 PM,4/6/2023 8:00 PM,Criminal Trespass,University Hall,A staff member reported a trespass.,Closed
2023-0804,04/10/23 11:48 PM,04/10/23 12:00 AM,Harassment,Washington Square Park,A student reported a harassment.,Open
2023-0803,04/10/23 07:45 PM,04/10/23 07:45 PM,Criminal Trespass,286 Mercer Street,A campus safety officer reported a criminal trespass.,Open
2023-0806,4/11/2023 11:23AM,4/10/2023 3:00 PM - 4/10/2023 10:00 PM,Burglary,15 Washington Place,A staff member reported a burglary,Closed
2023-0801,04/10/23 12:12 PM,04/10/23 12:05 PM,Criminal Mischief,Carlyle Court,A staff member reported destruction of property.,Open
2023-0799,04/10/23 09:04 AM,04/07/23 06:10 PM,Larceny,Silver Center - exterior,A student reported missing personal property.,Open
2023-0798,04/09/23 11:40 AM,04/09/23 12:00 AM,Criminal Mischief,Paulson Center - exterior,A campus safety officer reported graffiti.,Open
2023-0795,04/09/23 03:01 PM,04/09/23 12:30 AM - 04/09/23 02:20 PM,Motor Vehicle Theft,Third North Hall - exterior,A student reported an electric bike theft.,Open
2023-0794,04/09/23 11:47 AM,04/09/23 11:35 AM,Larceny,University Place & Waverly Place,A student reported missing personal property.,Open
2023-0797,04/09/23 05:30 PM,04/07/23 06:00 PM,Harassment,Dental Center - exterior,A faculty member reported a harassment outside the Dental Center.,Open
2023-0789,04/08/23 01:20 PM,04/08/23 01:20 PM,Loitering,Broome Street Hall,A campus safety officer reported loitering.,Open
2023-0788,04/08/23 02:40 PM,04/08/23 12:30 PM - 04/08/23 02:21 PM,Larceny,Bobst Library,A student reported missing personal property.,Open
2023-0783,04/07/23 11:27 PM,04/07/23 09:15 PM,Fondling,Paulson Center - exterior,A student reported a fondling.,Open
2023-0780,04/07/23 02:22 PM,03/15/23,Larceny,Paladium Hall,A staff member reported missing furniture.,Open
2023-0778,4/24/2023 4:27 PM,4/6/2023 4:59 PM - 4/6/2023 7:46 PM,Criminal Trespass,Puck Building,A campus safety officer reported a criminal trespass.,Closed
2023-0776,04/07/23 01:03 PM,04/06/23 02:15 PM - 04/06/23 04:45 PM,Larceny,Silver Center,A student reported missing personal property.,Open
2023-0775,04/07/23 11:57 AM,04/07/23 10:55 AM,Harassment,Forbes Building - exterior,A student reported a harassment.,Open
2023-0774,04/07/23 12:19 PM,04/06/23 10:45 AM,Larceny,404 Lafayette,A student reported missing personal property.,Open
2023-0773,04/07/23 10:17 AM,04/07/23 10:16 AM,Criminal Trespass,Lipton Hall,A campus safety officer reported a criminal trespass.,Open
2023-0772,04/07/23 03:11 AM,04/07/23 03:11 AM,Criminal Trespass,Carlyle Court,A staff member reported a criminal trespass.,Open
00902-2023,04/07/23 11:03 PM,04/07/23 11:03 PM,Liquor Law Violation,Paulson Residence Hall,An RA reported underage alcohol possession.,Closed/Referred to Office of Student Conduct & Community Standards
2023-0769,04/06/23 08:10 PM,04/06/23 08:10 PM,Harassment,West 4th Street and Thompson Street,A student reported a harassment.,Open
2023-0766,04/06/23 03:15 PM,02/09/23 - 03/09/23,Larceny,Duke House,A student reported missing items.,Open
2023-0764,04/06/23 04:49 PM,04/05/23 03:40 PM,Criminal Impersonation with the Intent to Defraud Another,Silver Center,A student reported an attempted fraud.,Open
00880-2023,04/05/23 09:19 PM,04/05/23 09:19 PM,Liquor Law Violation,Brittany Hall,A student reported underage alcohol possession.,Closed/Referred to Office of Student Conduct & Community Standards
2023-0751,04/05/23 12:35 PM,04/05/23 12:35 PM,Loitering,Third North Hall,A Campus Safety Officer reported loitering.,Open
2023-0750,04/05/23 09:17 AM,04/05/23 09:00 AM,Harassment,Space Market - Exterior,Two students reported a harassment.,Open
2023-0749,04/05/23 10:28 AM,04/05/23 10:20 AM,"Criminal Trespass, Simple Assault",16 Washington Place,A Campus Safety Officer reported a criminal trespass and simple assaults.,Open
00874-2023,04/03/23 03:33 PM,04/03/23 03:33 PM,Criminal Trespass,Clark Street Hall,A staff member reported a trespass.,Closed/Referred to Office of Student Conduct & Community Standards
2023-0738,04/03/23 09:54 PM,04/03/23 09:54 PM,Criminal Trespass,725 Broadway,A Campus Safety Officer reported a criminal trespass.,Open
2023-0732,04/03/23 03:33 PM,03/31/23 10:15 AM - 03/31/23 02:30 PM,Larceny,370 Jay Street,A faculty member reported missing personal property.,Open
2023-0731,04/03/23 01:52 PM,04/03/23 01:52 PM,Criminal Mischief,Meyer Hall,An NYU contractor reported a criminal mischief.,Open
2023-0728,04/02/23 10:25 PM,04/02/23 10:25 PM,Loitering,Broome Street Hall,A Campus Safety Officer reported loitering.,Open
2023-0727,04/02/23 08:15 PM,04/02/23 08:15 PM,Loitering,Furman Hall,A Campus Safety Officer reported loitering.,Open
2023-0726,04/03/23 06:22 PM,04/01/23 06:00 PM - 04/01/23 07:30 PM,Found Property (reclassified from Larceny),Fairchild Building,A student reported missing personal property. Items were recovered by Lost and Found on 4/3/23,Open
2023-0725,04/02/23 06:02 PM,04/02/23 05:43 PM,Criminal Trespass,Bobst Library,A Campus Safety Officer reported an attempted criminal trespass.,Open
00836-2023,04/02/23 02:20 AM,04/02/23 01:45 AM,Harassment,Brittany Hall,A student reported a harassment.,Closed/Referred to Office of Student Conduct & Community Standards
00850-2023,04/01/23 04:56 AM,03/01/23 12:00 AM,Larceny,Palladium Hall,A non-NYU affiliate reported missing personal property.,Closed/Referred to Office of Student Conduct & Community Standards
VSU008,04/05/23 04:19 PM,04/02/23 07:30 PM - 04/02/23 09:15 PM,Criminal Mischief,566 LaGuardia Place - exterior,The NYPD reported a criminal mischief.,Closed/Referred to NYPD
00824-2023,04/01/23 12:07 PM,04/01/23 12:07 PM,Liquor Law Violation,Coral Tower Hall,An RA reported underage alcohol possession.,Closed/Referred to Office of Student Conduct & Community Standards
