Incident,Reported,Occurred,Type,Location,Summary,Status
02187-2023,08/30/23 10:59 PM,08/30/23 02:00 AM,Rape,Third North Hall,A student reported a rape.,Closed/Referred to Office of Student Conduct & Community Standards
02206-2023,08/31/23 09:20 PM,08/31/23 09:20 PM,Liquor Law Violation,Third North Hall,An RA reported underage alcohol possession.,Closed/Referred to Office of Student Conduct & Community Standards
02186-2023,08/30/23 09:55 PM,08/30/23 09:55 PM,Liquor Law Violation,Third North Hall,An RA reported underage alcohol possession.,Closed/Referred to Office of Student Conduct & Community Standards
02184-2023,08/30/23 09:15 PM,08/30/23 09:15 PM,Liquor Law Violation,Weinstein Hall,An RA reported underage alcohol possession.,Closed/Referred to Office of Student Conduct & Community Standards
02181-2023,08/30/23 09:50 PM,08/30/23 09:50 PM,Liquor Law Violation,Palladium Hall,An RA reported underage alcohol possession.,Closed/Referred to Office of Student Conduct & Community Standards
02179-2023,08/30/23 10:11 PM,08/30/23 10:11 PM,Liquor Law Violation,Third North Hall,An RA reported underage alcohol possession.,Closed/Referred to Office of Student Conduct & Community Standards
02157-2023,08/29/23 12:41 AM,08/27/23 08:30 PM - 08/27/23 10:00 PM,Criminal Trespass,Weinstein Hall,Two students reported a trespass.,Closed/Referred to Office of Student Conduct & Community Standards
2023-1846,08/29/23 06:30 PM,08/29/23 06:30 PM,Criminal Trespass,Lipton Hall,A Campus Safety Officer reported a trespass.,Open
2023-1845,09/06/23 07:25 PM,09/06/23 06:56 PM,Criminal Trespass,721 Broadway,A student reported a criminal trespass.,Open
2023-1844,09/06/23 07:58 PM,09/06/23 06:08 PM - 09/06/23 07:26 PM,Larceny,404 Lafayette Street,A student reported missing personal property.,Open
2023-1841,09/06/23 04:50 PM,09/06/23 04:50 PM,Criminal Mischief,Weissman Building,A Campus Safety staff member reported a criminal mischief.,Open
2023-1839,09/06/23 12:20 PM,09/05/23 06:25 PM - 09/06/23 11:30 AM,Larceny,Dental Center,A staff member reported missing personal property.,Open
2023-1833,09/05/23 08:32 PM,09/05/23 12:00 AM - 09/05/23 12:00 AM,Harassment,Washington Square Park,A student reported a harassment.,Open
2023-1828,09/05/23 05:13 PM,09/05/23 12:00 AM - 09/05/23 12:00 AM,Aggravated Assault,Silver Center - Exterior,A student reported an aggravated assault.,Open
2023-1825,09/05/23 03:41 PM,09/01/23 12:00 AM - 09/01/23 12:00 AM,Harassment,Vanderbilt Hall - Exterior,A staff member reported a harassment.,Open
2023-1824,09/05/23 02:00 PM,09/05/23 01:30 PM - 09/05/23 02:00 PM,Harassment,Bobst Library - Exterior,A NYU affiliate reported a harassment.,Open
2023-1823,09/05/23 02:32 PM,09/05/23 09:00 AM - 09/05/23 12:30 PM,Larceny,238 Thompson street,A student reported missing personal property.,Open
2023-1814,09/04/23 10:19 AM,09/03/23 12:00 AM - 09/04/23 12:00 AM,Harassment,Palladium Hall,A student reported a harassment.,Open
2023-1800,09/02/23 01:08 AM,08/27/23 12:00 AM - 09/02/23 12:00 AM,Larceny,Othmer Hall,A student reported missing personal property.,Open
2023-1799,09/02/23 03:27 AM,09/02/23 12:00 AM - 09/02/23 12:00 AM,Larceny,561 LaGuardia - Exterior,A non-NYU member reported missing personal property.,Open
2023-1797,09/02/23 01:37 AM,08/27/23 12:00 AM - 09/02/23 01:10 AM,Larceny,Othmer Hall,A student reported missing personal property.,Open
2023-1793,09/01/23 02:01 PM,08/31/23 01:30 PM - 09/01/23 11:00 AM,Larceny,20 Cooper Sq,A student reported missing personal property.,Open
2023-1791,09/01/23 09:30 AM,09/01/23 09:30 AM - 09/01/23 09:38 AM,Criminal Trespass,3 Washington Sq Village,A Campus Safety Officer reported a criminal trespass.,Closed
2023-1788,09/01/23 12:36 AM,09/01/23 12:32 AM - 09/01/23 01:00 AM,Liquor Law Violation,Weinstein Hall,A Campus Safety Officer reported underage alcohol possession.,Open
2023-1779,08/30/23 03:41 PM,08/30/23 03:20 PM - 08/30/23 03:47 PM,Criminal Trespass,721 Broadway,A Campus Safety Officer reported a criminal trespass.,Open
2023-1778,08/30/23 12:38 PM,08/30/23 11:30 AM - 08/30/23 12:30 PM,Larceny,Bronfman Center - Exterior,A student reported a bike theft outside of the Bronfman Center.,Open
2023-1769,08/29/23 06:52 PM,08/29/23 12:00 AM - 08/29/23 12:00 AM,Sexual Abuse,1 University Pl - Exterior,A student reported an incident of sexual abuse.,Open
2023-1767,08/29/23 05:20 PM,08/29/23 04:00 PM - 08/29/23 05:00 PM,Larceny,Kimmel Center,A student report missing personal property.,Open
2023-1762,08/29/23 12:15 PM,08/29/23 12:00 AM - 08/29/23 12:00 AM,Criminal Mischief,Carlyle Court Hall,A Campus Safety Officer reported graffiti.,Open
2023-1760,08/29/23 09:08 AM,08/29/23 09:08 AM - 08/29/23 09:20 AM,Loitering,383 Lafayette st,A Campus Safety Officer reported loitering.,Open
02154-2023,08/28/23 11:20 PM,08/28/23 11:20 PM,Liquor Law Violation,Brittany Hall,An RA reported underage alcohol possession.,Closed/Referred to Office of Student Conduct & Community Standards
02153-2023,08/28/23 09:10 PM,09/28/23 09:10 PM,Liquor Law Violation,Palladium Hall,An RA reported underage alcohol possession.,Closed/Referred to Office of Student Conduct & Community Standards
2023-1758,08/28/23 10:29 PM,08/28/23 12:00 AM - 08/28/23 12:00 AM,Extortion,Third North Hall,A student reported an attempted extortion.,Open
2023-1755,08/28/23 05:39 PM,08/27/23 08:06 PM - 08/27/23 08:07 PM,Disorderly Conduct,Third North Hall,A Campus Safety Officer reported a disorderly conduct.,Open
2023-1752,08/28/23 11:28 AM,08/26/23 08:51 PM - 08/27/23 07:00 PM,Larceny,Lipton Hall,A student reported missing personal property.,Open
2023-1750,08/28/23 08:23 AM,08/28/23 12:00 AM - 08/28/23 12:00 AM,Criminal Mischief,Furman Hall,A Campus Safety Officer reported an act of criminal mischief.,Open
2023-1749,08/27/23 06:30 PM,08/12/23 01:00 PM - 08/27/23 06:30 PM,Larceny,Othmer Hall,A student report missing personal belongings.,Open
2023-1747,08/27/23 05:36 PM,08/27/23 05:30 PM - 08/27/23 06:01 PM,Larceny,Paulson Center,A Campus Safety Officer reported an attempted theft.,Open
2023-1739,08/26/23 03:43 PM,08/26/23 03:43 PM - 08/26/23 04:21 PM,Aggravated Assault,Carlyle Court,A student reported an aggravated assault.,Open
2023-1738,08/26/23 12:37 PM,08/26/23 12:00 AM - 08/26/23 12:00 AM,Aggravated Assault,West 3rd and Mercer St,A Campus Safety member reported an aggravated assault.,Open
2023-1734,08/26/23 01:45 AM,08/26/23 12:00 AM - 08/26/23 12:00 AM,Criminal Mischief,1 Schwartz Plaza,A Campus Safety Officer reported graffiti.,Open
2023-1733,08/25/23 12:00 AM,08/25/23 12:00 AM - 08/25/23 12:00 AM,Larceny,Othmer Hall,A student reported missing personal property.,Open
2023-1732,08/25/23 09:37 PM,08/12/23 12:00 AM - 08/25/23 12:00 AM,Larceny,Othmer Hall,A student reported missing personal property.,Open
2023-1723,08/24/23 11:57 PM,08/24/23 11:57 PM - 08/24/23 12:00 AM,Criminal Mischief,3-5 Washington Place,A Campus Safety Officer reported graffiti.,Open
VSU023,08/25/23 04:40 PM,08/23/23 09:30 PM - 08/23/23 11:00 PM,Motor Vehicle Theft,21 Waverly Pl,The NYPD reported a motor vehicle theft.,Closed
2023-1717,08/23/23 03:24 PM,08/23/23 03:24 PM - 08/23/23 03:45 PM,Motor Vehicle Theft,5 Metrotech,A student reported an electric bike theft.,Open
2023-1706,08/19/23 07:49 PM,08/19/23 07:36 PM - 08/19/23 07:45 PM,Larceny,Lipton Hall,A Campus Safety Officer reported a theft.,Open
2023-1704,08/19/23 01:46 AM,08/19/23 01:46 AM - 08/19/23 02:20 AM,Larceny,400 Broome Street,A student reported missing personal items.,Open
2023-1698,08/15/23 05:25 PM,08/08/23 10:00 AM,Larceny,1 Washington Square North,A faculty member reported a bike theft.,Open
2023-1694,08/16/23 02:10 AM,08/15/23 11:28 PM,Criminal Trespass,Paulson Center,A Campus Safety Officer reported a trespass.,Open
2023-1684,08/15/23 01:11 PM,08/11/23 - 08/15/23,Larceny,Kimmel Center,A contractor reported missing equipment.,Open
2023-1668,08/13/23 03:42 PM,08/13/23 03:42 PM,Criminal Trespass,Paulson Center,A Campus Safety Officer reported an attempted trespass.,Open
2023-1659,08/11/23 02:20 PM,08/11/23 02:20 PM,Criminal Trespass,Bobst Library,A Campus Safety Officer reported a trespass.,Open
2023-1656,08/11/23 11:20 AM,08/11/23 11:20 AM,Criminal Trespass,19 West 4th Street,A Campus Safety Officer reported an attempted trepass.,Open
2023-1652,08/10/23 05:30 PM,08/07/23 - 08/08/23,Larceny,370 Jay Street,A student reported missing personal property.,Open
2023-1649,08/10/23 10:11 AM,05/04/23 12:00 PM,Robbery,Washington Square Park,A student reported a robbery.,Open
2023-1646,08/09/23 02:00 PM,08/09/23 02:00 PM,Criminal Mischief,Silver Center,A Campus Safety employee reported graffiti.,Open
2023-1645,08/09/23 11:35 AM,08/09/23 11:30 AM,Larceny,Schwartz Plaza,A student reported a theft of personal property.,Open
VSU022,08/08/23 04:34 PM,07/24/23 11:50 AM,Leaving the scene of an accident with injuries,First Avenue and East 25th Street,The NYPD reported a hit and run.,Closed/Referred to NYPD
2023-1641,08/08/23 08:30 PM,08/07/23 04:30 PM - 08/08/23 08:00 PM,Larceny,Tisch Bike Racks,A student reported a bike theft.,Open
2023-1639,08/08/23 05:30 PM,08/08/23 01:30 PM,Larceny,Washington Square Park,A staff member reported an attempted theft.,Open
2023-1631,08/07/23 08:20 AM,08/04/23 02:00 PM - 08/07/23 08:20 AM,Burglary,West 3rd Street (between Mercer Street and LaGuardia Place),A contractor reported a burglary at a trailer.,Open
2023-1629,08/06/23 10:30 PM,08/04/23 03:00 AM - 08/04/23 02:00 PM,Harassment,Bobst Library / LaGuardia Place and West 3rd Street,An alumnus reported a harassment.,Open
2023-1628,08/06/23 01:05 PM,08/06/23 01:05 PM,Public Lewdness,Vanderbilt Hall - exterior,A Campus Safety Officer reported a public lewdness.,Open
2023-1624,08/04/23 09:56 PM,08/02/23 11:42 PM - 08/04/23 10:00 PM,Larceny,Gramercy Green Hall,A student reported missing personal property.,Open
01952-2023,08/03/23 12:44 PM,December 2022  - August 2023,Stalking,Third North Hall,A student reported a stalking.,Closed/Referred to Title IX
2023-1617,08/03/23 05:20 AM,08/02/23 09:21 PM,Criminal Mischief,Starbucks on the Square,A Starbucks employee reported damage to property.,Open
2023-1615,08/02/23 10:35 AM,08/01/23 - 08/02/23,Criminal Mischief,Second Street Hall,A Campus Safety Officer reported graffiti.,Open
VSU021,08/01/23 01:06 PM,07/15/23 11:20 PM - 07/15/23 11:50 PM,Larceny,Mercer Street and West 4th Street,The NYPD reported a larceny.,Closed/Referred to NYPD
