Incident,Reported,Occurred,Type,Location,Summary,Status
2022-2793,12/28/22 01:06 AM,12/28/22 01:01 AM,Arson,Schwartz Plaza,A Campus Safety Officer reported an arson.,Closed
2022-2780,12/25/22 05:21 PM,12/25/22 05:21 PM,Criminal Trespass,Meyer Hall,A Campus Safety Officer reported a criminal trespass.,Closed
2022-2774,12/25/22 05:30 AM,12/25/22 05:30 AM,Weapons Law Violation,Third North Hall,A contractor reported an illegal weapon possession.,Open
2022-2770,12/23/22 11:15 PM,12/22/22 04:00 PM - 12/23/22 06:00 PM,Larceny,Palladium Hall,A student reported a scam/theft.,Open
2022-2766,12/22/22 04:55 PM,11/10/22 03:00 PM - 11/10/22 10:00 PM,Simple Assault,Kimmel Center,A contractor reported a simple assault.,Closed
03663-2022,12/22/22 10:36 PM,12/22/22 10:36 PM,Liquor Law Violation,Othmer Hall,A staff member reported underage alcohol possession.,Closed/Referred to Office of Student Conduct & Community Standards
2022-2764,12/22/22 04:50 AM,12/22/22,Criminal Mischief,Kimmel Center - exterior,A contractor reported graffiti.,Open
2022-2762,12/21/22 04:35 PM,12/20/22 09:00 PM,Robbery,West 3rd Street between LaGuardia Place and Mercer Street,NYPD reported a robbery.,Closed/Referred to NYPD
2022-2760,12/21/22 02:55 PM,12/21/22 02:55 PM,Criminal Trespass,Vanderbilt Hall,A Campus Safety Officer reported a criminal trespass.,Open
03649-2022,12/20/22 12:30 PM,12/20/22 12:30 PM,Liquor Law Violation,Greenwich Hall,A staff member reported underage alcohol possession.,Closed/Referred to Office of Student Conduct & Community Standards
2022-2755,12/20/22 09:54 PM,12/20/22 09:48 PM,Criminal Mischief,561 LaGuardia Place,A Campus Safety Officer reported graffiti.,Open
2022-2753,12/20/22 03:20 PM,12/20/22 03:20 PM,Larceny,Brooklyn Commons,A student reported a theft between 1 Metrotech and 6 Metrotech.,Open
2022-2752,12/20/22 07:06 PM,12/20/22 06:42 PM,Larceny,Weinstein Hall,A contractor reported a theft of food.,Open
2022-2751,12/20/22 07:10 PM,12/20/22 09:00 AM,Aggravated Assault / Burglary / Fondling,3 Washington Square Village,"An NYU affiliate reported an aggravated assault, burglary and fondling incident.",Open
03656-2022,12/15/22 09:30 AM,12/15/22 09:30 AM,Possession of Forged Instrument,Founders Hall,A staff member reported a criminal possession of forged instruments.,Closed/Referred to Office of Student Conduct & Community Standards
2022-2748,12/20/22 09:30 AM,08/30/22 - 12/17/22,Criminal Mischief,Rogers Hall,A faculty member reported a criminal mischief.,Open
03646-2022,12/19/22 03:47 PM,12/19/22 03:47 PM,Liquor Law Violation,Gramercy Green Hall,An RA reported underage alcohol possession.,Closed/Referred to Office of Student Conduct & Community Standards
2022-2747,12/19/22 01:30 PM,11/21/22 12:00 PM - 12/20/22 02:30 PM,Stalking,Dibner Library,A student reported a stalking.,Open
2022-2746,12/19/22 12:15 PM,12/19/22,Criminal Trespass,6 Washington Square North,A staff member reported a criminal trespass.,Open
03631-2022,12/17/22 11:35 PM,12/17/22 11:35 PM,Liquor Law Violation,Third North Hall,An RA reported underage alcohol possession.,Closed/Referred to Office of Student Conduct & Community Standards
03630-2022,12/17/22 06:40 PM,12/17/22 06:40 PM,Drug Law Violation,Broome Street Hall,An RA reported underage marijuana possession.,Closed/Referred to Office of Student Conduct & Community Standards
2022-2735,12/17/22 11:22 AM,12/16/22 10:48 PM - 12/17/22 11:20 AM,Larceny,Gramercy Green Hall,A student reported missing personal property.,Open
2022-2731,12/16/22 07:00 PM,12/15/22 07:15 PM,Harassment,3 Washington Square Village,A contractor reported a harassment.,Closed
2022-2729,12/16/22 02:28 PM,12/16/22 02:28 PM,Criminal Trespass,Bobst Library,A Campus Safety Officer reported an attempted criminal trespass.,Closed
2022-2724,12/16/22 01:50 AM,12/15/22 09:30 PM - 12/16/22 01:00 AM,Larceny,Weinstein Hall,A contractor reported missing personal property.,Open
2022-2719,12/15/22 02:45 PM,12/10/22 10:30 AM - 12/10/22 11:00 AM,Larceny,Starbucks @ the Square,A Starbucks employee reported missing personal property.,Open
2022-2717,12/15/22 11:30 AM,12/14/22 07:30 PM,Burglary,1 Washington Square Village,A non-NYU affiliate reported missing personal property.,Open
2022-2713,12/15/22 09:00 AM,12/03/22 01:30 AM - 12/03/22 04:30 AM,Burglary (reclassified from Larceny),Third North Hall,A student reported missing personal property. Incident reclassified on 12.19.22 after a preliminary investigation.,Open
2022-2711,12/14/22 10:14 PM,12/13/22 07:00 PM - 12/14/22 09:30 PM,Burglary,1 Washington Square Village,A student reported a burglary.,Open
2022-2706,12/13/22 08:20 PM,12/13/22 08:20 PM,Harassment,Lafayette Hall - exterior,A student reported a harassment.,Open
2022-2700,12/13/22 08:45 AM,12/13/22 08:45 PM,Criminal Trespass & Public Lewedness,380 Second Avenue - School of Physical Therapy,A staff member reported a criminal trespass and public lewdness.,Open
03600-2022,12/13/22 04:15 PM,12/12/22 09:00 PM,Harassment,Founders Hall,A student reported a harassment.,Closed/Referred to Office of Student Conduct & Community Standards
2022-2688,12/10/22 02:17 PM,12/10/22 02:17 PM,Criminal Trespass,44 West 4th Street,A Campus Safety Officer reported a trespass.,Open
2022-2687,12/12/22 11:25 AM,11/22/22 - 11/28/22,Larceny,Third North Hall,A staff member reported a missing package.,Open
2022-2684,12/11/22 07:57 PM,12/11/22 07:57 PM,Harassment,Coral Towers - exterior,A student reported a harassment.,Open
2022-2678,12/11/22 12:38 AM,12/10/22 06:48 PM - 12/11/22 12:10 AM,Robbery & Motor Vehicle Theft,Schwartz Plaza,A student reported the robbery of a motorized scooter.,Open
2022-2677,12/10/22 07:47 PM,12/10/22 06:20 PM - 12/10/22 06:50 PM,Larceny,Weinstein Market,A student reported missing personal property.,Open
2022-2673,12/09/22 09:47 PM,12/06/22 12:00 AM - 12/09/22 12:00 AM,Stalking,Washington Square Park,A student reported a stalking.,Open
2022-2669,12/09/22 02:16 PM,12/09/22 07:00 AM - 12/09/22 02:00 PM,Larceny,Weinstein Hall,A staff member reported missing equipment.,Open
2022-2668,12/09/22 12:09 PM,12/09/22 12:00 AM,Criminal Mischief,Seventh Street Hall,A staff member reported graffiti.,Open
2022-2667,12/09/22 01:06 PM,12/09/22 12:45 PM,Harassment,East 4th Street between 383 Lafayette and 25 West 4th,A student reported a harassment on East 4th Street between 383 Lafayette and 25 West 4th.,Open
2022-2666,12/09/22 10:25 AM,12/09/22 10:25 AM,Disorderly Conduct & Harassment,708 Broadway,A Campus Safety Officer reported a disorderly conduct and harassment incident.,Open
2022-2664,12/08/22 04:22 PM,04/02/22 12:00 AM,Harassment,Alumni Hall,A student reported a harassment.,Open
2022-2661,12/08/22 03:40 PM,12/03/22 09:50 AM,Larceny,Education Building,A student reported missing equipment.,Open
2022-2654,12/07/22 06:05 PM,12/07/22 04:45 PM - 12/07/22 06:00 PM,Found Property (reclassified from Larceny),Gramercy Green,"A student reported missing personal property. On 12/8, all clothes were reported as found.",Closed
2022-2646,12/06/22 03:46 PM,12/06/22 03:46 PM,Criminal Trespass / Criminal Mischief,Weinstein Hall,A Campus Safety Officer reported an attempted trespass and a criminal mischief.,Closed
2022-2636,12/05/22 07:07 PM,12/02/22 10:32 AM,Larceny,Othmer Hall,A student reported a missing package.,Open
2022-2633,12/05/22 05:38 PM,12/05/22 07:30 AM - 12/05/22 07:45 AM,Larceny,Brittany Hall,A student reported missing personal property.,Open
2022-2631,12/05/22 03:26 PM,12/05/22 03:00 PM,Public Lewdness,16 Washington Place - exterior,A Campus Safety Officer reported a public lewdness.,Open
2022-2630,12/05/22 03:39 PM,12/01/22 02:05 PM - 12/01/22 11:00 PM,Criminal Mischief,Bobst Library,A Campus Safety Officer reported a criminal mischief.,Open
2022-2628,12/05/22 01:00 PM,11/30/22 03:00 PM - 11/30/22 03:15 AM,Larceny,Bobst Library,A student reported missing personal property.,Closed
2022-2627,12/05/22 12:35 PM,12/02/22 03:30 PM - 12/05/22 11:30 AM,Larceny,Warren Weaver Hall,A student reported missing personal property.,Open
2022-2612,12/03/22 06:54 PM,12/03/22 04:30 PM - 12/03/22 05:10 PM,Larceny,Shimkin Hall,A student reported missing personal property.,Open
03473-2022,12/02/22 11:50 PM,12/02/22 11:50 PM,Liquor Law Violation,Third North Hall,An RA reported underage alcohol possession.,Closed/Referred to Office of Student Conduct & Community Standards
03472-2022,12/02/22 11:40 PM,12/02/22 11:40 PM,Liquor Law Violation,Third North Hall,An RA reported underage alcohol possession.,Closed/Referred to Office of Student Conduct & Community Standards
03471-2022,12/02/22 10:35 PM,12/02/22 10:35 PM,Liquor Law Violation,Third North Hall,An RA reported underage alcohol possession.,Closed/Referred to Office of Student Conduct & Community Standards
03468-2022,12/02/22 09:17 PM,12/01/22,Dating Violence / Aggravated Assault,Gramercy Green Hall,Students reported an incident of aggravated assault and dating violence.,Closed
03464-2022,12/02/22 12:39 PM,11/27/22 - 11/28/22,Harassment,Lafayette Hall,A student reported a harassment.,Closed/Referred to Office of Student Conduct & Community Standards
2022-2589,12/01/22 09:45 PM,12/01/22 07:30 PM - 12/01/22 08:30 PM,Larceny,Lipton Hall,A student reported missing personal property.,Open
2022-2587,12/01/22 07:50 PM,12/01/22 11:00 AM - 12/01/22 07:50 PM,Motor Vehicle Theft,Vanderbilt Hall,A student reported a motorized scooter theft.,Open
2022-2586,12/01/22 06:29 PM,12/01/22 10:50 AM - 12/01/22 06:15 PM,Motor Vehicle Theft,Schwartz Plaza,A student reported a motorized scooter theft.,Open
03493-2022,12/01/22 06:11 PM,12/01/22 04:30 PM,Larcey,Kimmel Center,A student reported a theft.,Closed/Referred to Office of Student Conduct & Community Standards
2022-2583,12/01/22 04:00 PM,11/23/22 - 12/01/22,Larceny,288 Mercer Street,A faculty member reported missing property.,Open
