Incident,Reported,Occurred,Type,Location,Summary,Status
2023-0194,01/31/23 02:20 PM,01/31/23 01:55 PM,Menacing,West 3rd Street and MacDougal Street,Two student reported a menacing.,Open
2023-0193,01/31/23 01:30 PM,01/31/23 11:00 AM - 01/31/23 01:20 PM,Larceny,8 Washington Square East,Two student reported missing personal property.,Open
2023-0187,01/31/23 02:42 AM,01/31/23 02:36 AM,Robbery,Bobst Library - exterior,A food truck vendor reported a robbery.,Closed/Referred to NYPD
2023-0192,01/31/2023 11:00 AM,12/24/2022 - 01/31/2023,Harassment,5 Washington Place,A faculty member reported a harassment.,Open
2023-0184,01/30/23 03:03 PM,01/30/23 03:03 PM,Simple Assault / Disorderly Conduct,370 Jay Street,A Campus Safety Officer reported a simple assault and disorderly conduct.,Open
VSU004,01/30/23 02:21 PM,01/27/23 09:00 AM - 01/27/23 10:45 AM,Motor Vehicle Theft,1 Washington Square Village - exterior,The NYPD reported a motor vehicle theft.,Closed/Referred to NYPD
2023-0182,01/30/23 02:01 PM,01/26/23 11:00 PM - 01/27/23 09:00 PM,Criminal Mischief,Othmer Hall - exterior,A staff member reported graffiti.,Open
2023-0177,01/30/23 02:50 PM,01/26/23 04:00 PM - 01/26/23 07:00 PM,Larceny,Bobst Library,A student reported missing personal property.,Closed
2023-0174,01/30/23 10:03 AM,04/01/22 - 01/27/23,Harassment,Washington Square Village,A faculty member reported a harassment.,Open
2023-0173,01/30/23 08:54 AM,01/30/23 08:54 AM,Criminal Trespass,6 Metrotech,A Campus Safety Officer reported a trespass.,Open
2023-0172,01/30/23 06:50 PM,01/30/23 06:50 PM,Criminal Trespass,University Hall,A Campus Safety Officer reported a criminal trespass.,Closed
00172-2023,01/30/23,01/30/23 01:55 PM,Harassment,Rogers Hall,A faculty member reported a harassment.,Closed/Referred to Office of Student Conduct & Community Standards
2023-0171,01/29/23 10:07 PM,01/29/23 03:00 PM,Larceny / Extortion,Bobst Library,A student reported an attempted extortion.,Open
00135-2023,01/28/23 12:30 AM,01/28/23 12:30 AM,Liquor Law Violation,Paulson Center Residence Hall,An RA reported underage alcohol possession.,Closed/Referred to Office of Student Conduct & Community Standards
00141-2023,01/27/23 11:24 PM,01/23/23 - 01/27/23,Larceny,Lafayette Hall,A student reported missing personal property.,Closed/Referred to Office of Student Conduct & Community Standards
2023-0155,01/27/23 06:22 PM,01/27/23 05:45 PM - 01/27/23 08:01 PM,Harassment,Palladium Hall - exterior,A student reported a harassment.,Open
00130-2023,01/27/23 02:45 PM,01/27/23 02:45 PM,Liquor Law Violation & Fraud,Greenwich Hall,An RA reported underage alcohol possession and fraud.,Closed/Referred to Office of Student Conduct & Community Standards
00122-2023,01/26/23 11:20 PM,01/26/23 11:20 PM,Liquor Law Violation,Paulson Center Residence Hall,An RA reported underage alcohol possession.,Closed/Referred to Office of Student Conduct & Community Standards
2023-0147,01/26/23 06:52 PM,01/26/23 06:52 PM,Criminal Trespass,721 Broadway,A Campus Safety Officer reported an attempted trespass.,Closed
2023-0148,01/26/23 06:50 PM,01/26/23 06:40 PM,Harassment,Greene Street and Waverly Place,A student reported a harassment.,Open
2023-0139,01/25/23 03:58 PM,01/25/23 03:58 PM,Larceny,NYU Bookstore,An NYU Bookstore staff member reported an attempted retail theft.,Open
00129-2023,01/25/23 01:00 PM,01/25/23 01:00 PM,Larceny,1 Washington Place,A faculty member reported a theft.,Closed/Referred to Office of Student Conduct & Community Standards
2023-0131,01/24/23 07:03 PM,01/24/23 04:50 PM,Criminal Trespass,113 Second Avenue,A student reported a criminal trespass.,Open
2023-0125,01/21/23 10:30 PM,01/21/23 10:30 PM,Criminal Trespass,Rogers Hall,A staff member reported a criminal trespass.,Open
2023-0122,01/24/23 11:09 AM,01/20/23 09:30 AM - 01/20/23 05:30 PM,Larceny,721 Broadway,A staff member reported missing personal property.,Open
2023-0121,01/24/23 07:40 AM,01/24/23 07:40 AM,Criminal Mischief,Rubin Hall,A Campus Safety Officer reported graffiti.,Open
2023-0120,01/23/23 11:15 PM,01/23/23 11:15 PM,Larceny / Extortion,Othmer Hall,A student reported an extortion.,Open
2023-0112,01/23/23 03:19 PM,01/23/23 07:35 AM - 01/23/23 02:50 PM,Larceny,Weinstein Hall,An NYU contractor reported missing personal property.,Open
00081-2023,01/23/23 10:30 AM,01/22/23,Harassment,Third North Hall,A student reported a harassment.,Closed/Referred to Office of Student Conduct & Community Standards
2023-0110,01/23/23 12:00 AM,01/23/23 12:00 AM,Criminal Trespass,Bobst Library,A Campus Safety Officer reported an attempted trespass.,Open
2023-0102,01/21/23 06:56 PM,01/21/23 06:56 PM,Larceny,Paulson Center,A Campus Safety Officer reported a theft.,Open
2023-0100,01/21/23 04:16 PM,01/19/23 03:40 PM - 01/21/23 04:16 PM,Harassment,Alumni Hall,A student reported a harassment.,Open
00073-2023,01/21/23 08:00 AM,10/01/22 - 01/19/23,Larceny,Lafayette Hall,A student reported a theft.,Closed/Referred to Office of Student Conduct & Community Standards
2023-0098,01/20/23 04:15 PM,01/20/23 09:00 AM - 01/20/23 02:00 PM,Larceny,721 Broadway,A staff member reported missing personal property.,Open
2023-0096,01/20/23 02:00 PM,01/20/23 11:49 AM - 01/20/23 01:00 PM,Burglary,Meyer Building,A staff member reported missing personal property.,Open
00061-2023,01/20/23 12:10 AM,01/20/23 12:10 AM,Liquor Law Violation,University Hall,An RA reported underage alcohol possession.,Closed/Referred to Office of Student Conduct & Community Standards
00059-2023,01/17/23 04:30 PM,01/17/23 04:30 PM,Larceny,Greenwich Hall,A staff member reported recovered stolen property.,Closed/Referred to Office of Student Conduct & Community Standards
VSU002,01/18/23 01:12 PM,12/19/22 06:00 PM - 12/19/22 10:00 PM,Larceny,534 LaGuardia Place - exterior,The NYPD reported a theft from a vehicle.,Closed/Referred to NYPD
2023-0092,01/19/23 10:40 AM,01/17/23 - 01/19/23,Larceny,44 West 4th Street,A staff member reported missing personal property.,Open
2023-0086,01/18/23 03:16 PM,01/18/23 03:00 PM,Criminal Mischief,1 East 2nd Street - exterior,A contractor reported graffiti.,Closed
2023-0088,01/18/23 10:52 PM,01/18/23 08:07 PM,Larceny,Brittany HAll,A student reported a scam.,Open
2023-0085,01/18/23 04:04 PM,01/18/23 04:04 PM,Weapons Law Violation,Lafayette Hall,A staff member reported a weapons law violation.,Open
2023-0084,01/17/23 02:30 PM,01/18/23 02:00 PM - 01/18/23 02:30 PM,Larceny,Carlyle Court Hall,Two student reported missing personal property.,Open
2023-0068,01/16/23 11:00 AM,01/16/23 07:00 AM,Criminal Trespass,25 Waverly Place,A staff member reported a trespass.,Open
2023-0063,01/15/23 04:39 PM,01/15/23 04:39 PM,Criminal Trespass,Tisch Hall,A Campus Safety Officer reported an attempted trespass.,Open
2023-0062,01/15/23 11:07 AM,01/14/23 - 01/15/23,Criminal Mischief,Seventh Street Hall,A staff member reported graffiti.,Open
2023-0061,01/15/23 07:54 PM,01/14/23 - 01/15/23,Criminal Mischief,Lafayette Hall,A staff member reported graffiti.,Open
2023-0058,01/13/23 10:36 PM,01/13/23 10:15 PM,Criminal Impersonation with the Intent to Defraud Another,Third North,A student reported a scam.,Open
2023-0052,01/13/23 09:27 AM,01/12/23 12:00 AM,Criminal Mischief,Barney Building - exterior,A Campus Safety Officer reported graffiti.,Open
2023-0050,01/12/23 08:15 PM,01/08/23 - 01/03/23,Larceny,370 Jay Street,A staff member reported missing personal property.,Open
2023-0043,01/11/23 12:55 PM,01/11/23 08:40 AM - 01/11/23 11:30 AM,Motor Vehicle Theft,Basic Science - exterior,A student reported an electric bike theft.,Open
C.0007329,01/09/23 12:00 AM,09/23/23 - 8/31/20 - 01/25/21,Rape,Lafayette Hall,A student reported a sexual assault.,Closed/Referred to Title IX
2023-0026,01/06/23 08:16 PM,01/06/23 08:16 PM,Public Lewdness,35 West 4th Street,A Campus Safety Officer reported a public lewdness.,Open
2023-0018,01/05/23 05:17 PM,01/05/23 09:45 AM - 01/05/23 05:15 PM,Larceny,721 Broadway - exterior,A student reported a bike theft.,Open
2023-0017,01/05/23 04:57 PM,01/05/23 04:57 PM,Larceny,NYU Bookstore,A bookstore staff member reported an attempted theft.,Closed/Referred to NYPD
2023-0009,01/04/23 11:50 AM,01/03/23 05:00 PM - 01/04/23 09:00 AM,Larceny,King Juan Carlos Center,A staff member reported a missing package.,Open
2023-0005,01/03/23 02:05 PM,01/03/23 02:05 PM,Criminal Trespass,Bobst Library,A Campus Safety Officer reported an attempted criminal trespass.,Open
2023-0004,01/03/23 12:43 PM,01/03/23 09:50 AM,Harassment,Space Market - exterior,A student reported a harassment.,Open
VSU001,01/03/23 11:53 AM,01/02/23 09:24 PM,Larceny,Washington Square Park,The NYPD reported a theft.,Closed
