Incident,Reported,Occurred,Type,Location,Summary,Status
2023-1397,06/30/23 11:56 PM,06/30/23 11:56 PM,Falsely Reporting a Crime,Weinstein Hall,The FDNY reported a false alarm pull.,Open
01536-2023,06/28/23 01:50 PM,06/28/23 01:50 PM,Drug Law Violation,Paulson Center Residence Hall,A staff member reported underage marijuana possession.,Closed/Referred to Office of Student Conduct & Community Standards
01534-2023,06/28/23 09:35 AM,08/31/21 - 09/23/21,Stalking,Lafayette Hall,A staff member reported several accounts of sexual harassment and assault.,Closed/Referred to Title IX
01534-2023,06/28/23 09:35 AM,02/01/21 - 04/01/21,Fondling,Lafayette Hall,A staff member reported several accounts of sexual harassment and assault.,Closed/Referred to Title IX
01534-2023,06/28/23 09:35 AM,01/25/21 12:00 AM,Sexual Abuse,Lafayette Hall,A staff member reported several accounts of sexual harassment and assault.,Closed/Referred to Title IX
01534-2023,06/28/23 09:35 AM,08/31/20 12:00 AM,Fondling,Lafayette Hall,A staff member reported several accounts of sexual harassment and assault.,Closed/Referred to Title IX
2023-1382,06/28/23 07:35 PM,06/28/23 07:35 PM,Harassment,Brittany Hall,Two students reported a harassment.,Open
01523-2023,06/27/23 03:14 PM,06/27/23 03:14 PM,Liquor Law Violation,Paulson Center Residence Hall,A staff member reported underage alcohol possession.,Open
2023-1380,06/28/23 03:02 PM,06/28/23 03:00 PM,Harassment,Dental Center,A staff member reported a harassment.,Open
2023-1379,06/27/23 02:49 PM,05/17/23 04:00 PM - 06/27/23 02:49 PM,Harassment,726 Broadway,A staff member reported a harassment.,Open
2023-1378,06/27/23 01:00 PM,05/27/23 - 06/27/23,Harassment,Bobst Library,A staff member reported a harassment.,Open
INC-2023-06-01399,06/27/23 01:23 AM,06/26/23 02:00 PM - 06/27/23 12:20 AM,Larceny,Greenberg Hall,A visitor reported a bike theft.,Closed
2023-1375,06/27/23 07:41 AM,06/27/23 07:08 AM,Harassment,Palladium Hall,A student reported a harassment.,Open
INC-2023-06-01380,06/26/23 06:41 PM,06/26/23 05:28 PM - 06/26/23 06:00 PM,Harassment,Tisch Hospital,A staff member reported a harassment.,Closed
2023-1376,06/26/23 09:14 AM,06/26/23 11:00 AM - 06/27/23 08:30 AM,Larceny,Schwartz Hall,A student reported missing property.,Open
2023-1370,06/26/23 05:55 PM,06/26/23 05:55 PM,Criminal Trespass,Kimmel Center,A campus security officer reported a trespass.,Open
VSU016,06/26/23 03:52 PM,06/25/23 09:00 PM,Simple Assault / Larceny,West 3rd Street and Thompson Street,The NYPD reported an assault and theft.,Closed/Referred to NYPD
01512-2023,06/26/23 02:06 PM,06/26/23 02:06 PM,Liquor Law Violation,Coral Tower Hall,An RA reported underage alcohol possession.,Closed/Referred to Office of Student Conduct & Community Standards
2023-1369,06/26/23 05:32 PM,06/26/23 04:55 PM - 06/26/23 05:00 PM,Harassment,Broadway and West 4th Street,Two students reported a harassment.,Open
2023-1367,06/26/23 12:49 PM,03/08/23 12:00 PM - 06/22/23 04:50 PM,Larceny / Embezzlement,726 Broadway,A staff member reported an embezzlement.,Open
2023-1362,06/25/23 05:56 PM,06/25/23 05:56 PM,Criminal Trespass,Tisch Bike Rack,A campus safety officer reported a trespass.,Open
2023-1352,06/24/23 04:49 PM,06/24/23 04:49 PM,Criminal Trespass,Bobst Library,A campus safety officer reported an attempted criminal trespass.,Open
01477-2023,06/22/23 11:40 PM,06/22/23 11:40 PM,Liquor Law Violation,Founders Hall,An RA reported underage alcohol possession.,Closed/Referred to Office of Student Conduct & Community Standards
VSU015,06/21/23 05:09 PM,06/21/23 04:20 PM,Murder / Non-Negligent Homicide,Washington Square Park,The NYPD reported a murder in Washington Square Park. No NYU affiliates were involved.,Closed/Referred to NYPD
2023-1334,06/21/23 03:00 PM,06/12/23 12:00 AM,Fraud / Larceny,Bobst Library,A student reported a fraud and theft.,Open
2023-1333,06/21/23 01:06 PM,06/16/23 02:00 PM - 06/20/23 04:30 PM,Larceny,Bobst Library,A staff member reported missing personal property.,Open
2023-1332,06/21/23 11:40 AM,06/21/23 11:15 AM,Larceny,Washington Square Park,A student reported a theft.,Open
2023-1321,06/18/23 01:29 PM,06/18/23 01:29 PM,Criminal Trespass,Founders Hall,A campus safety officer reported an attempted trespass.,Open
2023-1320,06/18/23 01:04 PM,06/17/23 - 06/18/23,Criminal Mischief,111 Second Avenue - exterior,A campus safety officer reported graffiti.,Open
2023-1319,06/18/23 07:15 AM,06/17/23 - 06/18/23,Criminal Mischief,Paulson Center - exterior,A campus safety officer reported graffiti.,Open
2023-1314,06/17/23 12:03 AM,06/16/23 04:55 AM,Larceny,Carlyle Court,A campus safety officer reported a theft.,Open
2023-1312,06/15/23 09:10 PM,06/15/23 12:00 AM - 06/15/23 09:10 PM,Larceny,Rogers Hall,A contractor reported missing equipment.,Open
2023-1306,06/15/23 10:13 AM,06/15/23 10:13 AM,Criminal Trespass,Bobst Library,Students reported a criminal trespass.,Closed
VSU014,06/14/23 11:32 AM,06/12/23 08:10 PM - 06/13/23 01:30 AM,Larceny,"LaGuardia Place, between Washington Square South and West 3rd",The NYPD reported a theft from a vehicle.,Closed/Referred to NYPD
01418-2023,06/13/23 08:15 PM,06/13/23 07:30 PM - 06/13/23 08:15 PM,Criminal Trespass,Lafayette Hall,An RA reported a criminal trespass.,Closed/Referred to Office of Student Conduct & Community Standards
01416-2023,06/14/23 09:35 AM,06/13/23 - 06/14/23,Larceny,Palladium Hall,A staff member reported missing furniture.,Closed/Referred to Office of Student Conduct & Community Standards
2023-1302,06/14/23 04:57 PM,06/12/23 05:30 PM - 06/12/23 08:00 PM,Motor Vehicle Theft,Tisch Bike Racks,A student reported a stolen electric bike.,Open
2023-1301,06/14/23 03:48 PM,06/14/23 03:48 PM,Drug Law Violation,Palladium Hall,An RA reported underage marijuana possession.,Open
2023-1299,06/14/23 01:32 PM,12/01/22 12:00 AM,Criminal Trespass / Harassment,Basic Science,A staff member reported a criminal trespass. Further investigation resulted in an additional harassment incident.,Closed
2023-1294,06/13/23 07:07 AM,06/12/23 - 06/13/23,Criminal Mischief,Barney Building,A Campus Safety Officer reported graffiti.,Open
2023-1293,06/13/23 12:08 AM,06/13/23 12:08 AM,Criminal Trespass,Brittany Hall,A summer associate reported an attempted criminal trespass.,Open
2023-1291,06/12/23 03:50 PM,06/12/23 04:28 PM,Harassment,Schwartz Hall,A staff member reported a harassment.,Open
BOOK020,06/13/23 05:50 PM,06/13/23 05:50 PM,Larceny,NYU Bookstore,A Bookstore staff member reported a retail theft.,Closed
2023-1279,06/09/23 09:09 PM,06/09/23 09:09 PM,Criminal Mischief,Third North Hall,A campus safety officer reported a criminal mischief.,Open
C.0007823,06/09/23,01/22/20  - 06/06/23,Stalking,238 Thompson Street,A student reported a stalking.,Closed/Referred to Title IX
2023-1270,06/08/23 12:40 PM,06/07/23 10:00 AM,Larceny,Schwartz Plaza,A Campus Safety Sergeant reported missing personal property.,Open
2023-1267,06/07/23 03:56 PM,06/07/23 03:56 PM,Criminal Trespass,Tisch Hall,A staff member reported an attempted trespass.,Open
2023-1266,06/07/23 01:30 PM,06/07/23 01:30 PM,Criminal Trespass,Gramercy Green,A staff member reported a trespass.,Closed/Referred to Office of Student Conduct & Community Standards
2023-1260,06/06/23 07:30 AM,06/05/23 05:30 PM - 06/06/23 07:30 AM,Larceny,411 Lafayette Street,A staff member reported missing equipment.,Open
2023-1258,06/06/23 03:50 PM,06/06/23 03:50 PM,Criminal Trespass,Dental Center Parking Garage,A campus safety officer reported a trespass.,Open
2023-1255,06/06/23 11:43 AM,06/05/23 - 06/06/23,Criminal Mischief,244 Green Street - exterior,A staff member reported graffiti.,Open
BOOK019,06/05/23 04:00 PM,06/05/23 03:50 PM,Larceny,NYU Bookstore,A Bookstore staff member reported a retail theft.,Closed
2023-1251,06/05/23 08:12 PM,06/05/23 12:00 AM,Arson,Brittany Hall,The FDNY reported an arson.,Open
2023-1250,06/05/23 06:05 PM,06/04/23 - 06/05/23,Criminal Mischief,Bobst Library - exterior,A campus safety officer reported graffiti.,Open
2023-1248,06/05/23 11:21 PM,05/08/23 10:00 AM - 05/11/23 03:00 PM,Larceny,Bobst Library,A student reported missing personal property.,Open
2023-1246,06/05/23 08:33 AM,05/31/23 09:06 AM,Criminal Impersonation with the Intent to Defraud Another,404 Lafayette Street,A student reported an incident of criminal impersonation.,Open
2023-1233,06/02/23 11:26 AM,06/01/23 02:45 PM,Larceny,Washington Square Park,A student reported a theft.,Open
2023-1232,06/02/23 08:55 AM,06/02/23 08:45 AM,Harassment,University Place and Washington Square North,A staff member reported a harassment.,Open
2023-1231,06/02/23 12:17 AM,06/02/23 12:11 AM - 06/02/23 12:22 AM,Larceny,Gould Plaza,A staff member reported an attempted bike theft.,Open
01362-2023,06/01/23 09:22 AM,06/01/23 09:22 AM,Liquor Law Violation,Paulson Center Residence Hall,An SA reported underage alcohol possession.,Closed/Referred to Office of Student Conduct & Community Standards
2023-1226,06/01/23 04:54 PM,05/25/23 02:00 PM - 05/31/23 01:00 PM,Larceny,194 Mercer St,A student reported several missing personal properties.,Open
2023-1225,06/01/23 03:27 PM,06/01/23 03:23 PM - 06/01/23 03:50 PM,Larceny,Bobst Library,A student reported missing personal property.,Open
