Incident,Reported,Occurred,Type,Location,Summary,Status
2023-1221,05/31/23 04:31 PM,05/09/23 01:00 PM - 05/09/23 02:00 PM,Criminal Mischief,Coral Towers,A staff member reported graffiti.,Open
2023-1220,05/31/23 01:05 PM,05/31/23 12:06 PM - 05/31/23 01:20 PM,Disorderly Conduct,Schwartz Hall,A staff member reported a disorderly conduct.,Open
2023-1218,05/31/23 09:20 AM,05/26/23 04:00 PM - 05/30/23 08:30 AM,Larceny,19 West 4th Street,A staff member reported missing personal property.,Open
01356-2023,05/30/23 04:51 PM,05/30/23 04:51 PM,Liquor Law Violation,Paulson Center Residence Hall,An SA reported underage alcohol possession.,Closed/Referred to Office of Student Conduct & Community Standards
01355-2023,05/30/23 04:35 AM,05/30/23 04:35 AM,Liquor Law Violation,Paulson Center Residence Hall,An SA reported underage alcohol possession.,Closed/Referred to Office of Student Conduct & Community Standards
01354-2023,05/30/23 04:03 PM,05/30/23 04:03 PM,Liquor Law Violation,Paulson Center Residence Hall,An SA reported underage alcohol possession.,Closed/Referred to Office of Student Conduct & Community Standards
01351-2023,05/30/23 02:00 PM,05/30/23 02:00 PM,Liquor Law Violation,Paulson Center Residence Hall,An SA reported underage alcohol possession.,Closed/Referred to Office of Student Conduct & Community Standards
2023-1213,05/30/23 12:04 PM,05/16/23 08:45 AM - 05/23/23 12:00 AM,Larceny,Palladium Hall,A student reported several missing personal properties.,Open
2023-1211,05/28/23 10:47 PM,05/28/23 10:45 PM - 05/28/23 10:49 PM,Criminal Trespass,Third North,A Campus Safety Officer reported an attempted criminal trespass.,Open
2023-1210,05/28/23 07:48 PM,05/28/23 07:24 PM - 05/28/23 07:40 PM,Liquor Law Violation,Third North,A Campus Safety Officer reported underage alcohol possession.,Open
2023-1207,05/27/23 11:26 AM,05/27/23 11:26 AM - 05/27/23 11:49 AM,Criminal Mischief,Bobst Library - exterior,A Campus Safety Officer reported graffiti.,Open
01350-2023,05/30/23 01:45 PM,05/30/23 01:45 PM,Liquor Law Violation,Paulson Center Residence Hall,An SA reported underage alcohol possession.,Closed/Referred to Office of Student Conduct & Community Standards
01346-2023,05/26/23 09:50 PM,05/26/23 09:50 PM,Liquor Law Violation,Othmer Hall,An RA reported underage alcohol possession.,Closed/Referred to Office of Student Conduct & Community Standards
01343-2023,05/26/23 11:08 PM,05/26/23 11:08 PM,Liquor Law Violation,Paulson Center Residence Hall,An RA reported underage alcohol possession.,Closed/Referred to Office of Student Conduct & Community Standards
2023-1199,05/26/23 07:17 AM,05/26/23 07:17 AM - 05/26/23 07:30 AM,Criminal Trespass,ARC Building,A staff member reported a trespass.,Open
2023-1198,05/26/23 05:42 AM,05/26/23 04:40 AM - 05/26/23 05:28 AM,Burglary,708 Broadway,A campus safety officer reported a burglary.,Open
01330-2023,05/24/23 09:30 PM,05/24/23 09:30 PM,Drug Law Violation,Paulson Center Residence Hall,An SA reported underage marijuana possession.,Closed/Referred to Office of Student Conduct & Community Standards
01340-2023,05/25/23 08:14 PM,05/25/23 08:14 PM,Criminal Trespass,Weinstein Hall,A staff member reported a criminal trespass.,Closed/Referred to Office of Student Conduct & Community Standards
2023-1193,05/25/23 01:27 PM,05/25/23 01:27 PM - 05/25/23 01:30 PM,Criminal Trespass,721 Broadway,A staff member reported a trespass.,Open
2023-1191,05/25/23 01:08 AM,05/25/23,Harassment,Washington Square Park,A student reported a harassment.,Open
2023-1189,05/24/23 03:25 PM,05/24/23 01:57 PM - 05/24/23 03:00 PM,Larceny,Gould Plaza,A non-NYU affiliate reported missing personal property.,Open
2023-1188,05/24/23 12:46 PM,05/24/23 11:50 AM - 05/24/23 01:49 PM,Larceny,Schwartz Hall,A patient reported missing personal belongings.,Open
2023-1182,05/23/23 05:12 PM,05/23/23 05:12 PM - 05/23/23 05:15 PM,Criminal Trespass,Alumni Hall,A Campus Safety Officer reported a criminal trespass.,Open
VSU012,05/19/23 09:53 PM,05/13/23 02:30 PM - 05/13/23 03:30 PM,Larceny,West 3rd Street and Mercer Street,The NYPD reported a theft.,Closed/Referred to NYPD
2023-1179,05/23/23 03:16 PM,05/23/23 02:36 PM - 05/23/23 03:00 PM,Criminal Trespass,Schwartz Hall,A staff member reported a criminal trespass.,Open
01308-2023,05/19/23 11:59 PM,05/19/23 11:59 PM,Liquor Law Violation,Paulson Center Residence Hall,An RA reported underage alcohol possession.,Closed/Referred to Office of Student Conduct & Community Standards
2023-1171,05/22/23 04:47 PM,05/22/23 04:33 PM - 05/22/23 04:43 PM,Harassment / Disorderly Conduct / Weapons Law Violation,Basic Science - Exterior,"A student reported a harassment, disorderly conduct and weapons law violation.",Open
2023-1170,05/22/23 10:29 AM,05/22/23 09:56 AM - 05/22/23 10:00 AM,Disorderly Conduct,Weissman Hall - Dental,A staff member reported disorderly conduct.,Open
2023-1167,05/20/23 07:16 PM,05/10/23 12:00 AM,Larceny,Lipton Hall,A student reported missing personal property.,Open
2023-1166,05/20/23 04:35 PM,05/20/23 06:43 AM - 05/20/23 03:30 PM,Criminal Mischief,Mercer Street and West 3rd Street,A staff member reported a criminal mischief.,Open
VSU011,05/17/23 02:50 PM,05/17/23 12:00 AM,Larceny,MacDougal and West 3rd,The NYPD reported a theft.,Closed/Referred to NYPD
2023-1159,05/18/23 11:20 PM,05/18/23 11:15 PM,Intimidation,University Hall,A student reported an intimidation incident. This incident is classified as a hate crime.,Open
2023-1157,05/18/23 02:00 PM,05/18/23 12:00 PM - 05/18/23 01:20 PM,Larceny,Weinstein Hall,A contractor reported missing personal property.,Open
VSU013,05/18/23 12:00 AM,05/13/23 10:24 PM - 05/14/23 12:20 AM,Criminal Mischief,LaGuardia Place (between Washington Sq South and West 3rd st),A NYPD officer reported a criminal mischief.,Open
01297-2023,05/17/23 09:42 PM,05/17/23 09:30 PM,Criminal Trespass / Harassment,Gramercy Green,Two students reported a harassment and trespass.,Open
2023-1152,05/18/23 12:20 AM,05/15/23 11:45 PM - 05/17/23 06:30 PM,Larceny,Weinstein Hall,A student reported missing personal property.,Open
2023-1142,05/16/23 01:24 PM,05/16/23 01:24 PM,Harassment,708 Broadway,A staff member and campus safety officer reported a harassment.,Open
01292-2023,05/16/23 11:30 AM,05/16/23 11:30 AM,Liquor Law Violation,Palladium Hall,A staff member reported underage alcohol possession.,Closed/Referred to Office of Student Conduct & Community Standards
2023-1137,05/16/23 10:25 AM,05/16/23 10:23 AM,Public Lewdness,Meyer Complex - exterior,A campus safety officer reported a public lewdness.,Open
2023-1139,05/16/23 12:10 PM,05/16/23 12:10 PM,Larceny,Alumni Hall - exterior,A student reported a theft.,Open
VSU010,05/14/23 02:27 PM,05/11/23 06:30 PM - 05/11/23 07:30 PM,Larceny,561 LaGuardia - exterior,The NYPD reported a theft.,Closed/Referred to NYPD
2023-1128,05/14/23 04:45 PM,05/14/23 04:40 PM,Harassment,622 Broadway - exterior,A student reported a harassment.,Open
2023-1119,05/13/23 11:33 PM,05/13/23 11:33 PM,Fondling,Alumni Hall - exterior,A student reported a fondling.,Open
2023-1127,05/14/23 03:02 PM,05/14/23 02:40 PM,Harassment,Washington Square Park,A student reported a harassment.,Open
2023-1120,05/14/23 01:50 AM,05/14/23 01:50 AM,Arson,Gramercy Green - exterior,A non-NYU affiliate reported an arson.,Open
2023-1117,05/13/23 05:56 PM,05/13/23 05:05 PM - 05/13/23 05:19 PM,Larceny,Brittany Hall,A student reported missing personal property.,Open
2023-1114,05/12/23 11:25 PM,05/09/23 01:35 AM,Larceny,Gramercy Green - exterior,A student reported a theft.,Open
2023-1112,05/12/23 09:57 PM,05/12/23 09:57 PM,Criminal Trespass,Second Street Hall,A campus safety officer reported an attempted trespass.,Open
2023-1108,05/12/23 12:30 PM,05/12/23 09:40 AM - 05/12/23 12:20 PM,Motor Vehicle Theft,Tisch Bike Rack,A student reported an electric scooter theft.,Open
01238-2023,05/10/23 12:00 PM,05/10/23 11:00 AM,Forgery - Altering/Use/Possession of Forged Document,Lafayette Hall,A contractor reported possession of forged documents.,Open
2023-1106,05/11/23 03:08 PM,05/11/23 01:30 PM - 05/11/23 03:00 PM,Larceny,Palladium Hall,A student reported missing personal property.,Open
2023-1101,05/11/23 08:55 AM,05/07/23 - 05/10/23,Harassment,Off Campus (previously reported as Third North Hall),A contractor reported a harassment. On 5/18/23 it was reported to have happened off campus.,Closed
2023-1099,05/10/23 10:10 PM,05/10/23 08:30 PM - 05/10/23 10:00 PM,Larceny,Third North,A student reported missing personal property.,Open
2023-1096,05/10/23 05:12 PM,05/10/23 05:12 PM,Harassment,Mercer Street and Washington Place,A non-NYU affiliate reported a harassment.,Open
2023-1095,05/10/23 05:45 PM,05/10/23 05:35 PM,Harassment,Mercer Street and West 4th,A student reported a harassment.,Open
2023-1092,05/10/23 12:00 AM,04/07/23 10:00 PM,Rape,Broome Street Hall,A student reported a rape.,Open
2023-1091,05/10/23 11:22 AM,05/05/23 12:00 AM - 05/07/23 12:00 AM,Larceny,721 Broadway,A staff member reported missing equipment.,Open
VSU009,05/05/23 11:29 AM,04/17/23 05:00 PM,Larceny,Washington Square Park,The NYPD reported a theft in Washington Square Park.,Closed/Referred to NYPD
01231-2023,05/10/23 12:45 AM,05/10/23 12:45 AM,Liquor Law Violation,Lipton Hall,An RA reported underage alcohol possession.,Closed/Referred to Office of Student Conduct & Community Standards
01229-2023,05/09/23 07:50 PM,05/09/23 07:50 PM,Liquor Law Violation / Forgery - Altering/Use/Possession of Forged Document,Greenwhich Hall,An RA reported underage alcohol possession and possession of a forged document.,Closed/Referred to Office of Student Conduct & Community Standards
01228-2023,05/09/23 06:44 PM,05/09/23,Criminal Trespass,Palladium Hall,A student reported a trespass.,Closed/Referred to Office of Student Conduct & Community Standards
2023-1085,05/09/23 02:20 PM,05/09/23 02:20 PM,Disorderly Conduct,Schwartz Hall,A staff member reported a disorderly conduct.,Open
2023-1087,05/09/23 04:02 PM,05/09/23 03:40 PM,Larceny,Schwartz Hall - exterior,A student reported missing personal items.,Open
2023-1084,05/08/23 12:10 PM,05/08/23 12:10 PM,Simple Assault,Metrotech Commons,A campus safety officer reported a simple assault.,Open
2023-1083,05/09/23 12:38 PM,05/08/23 06:40 PM,Larceny,Washington Square East and West 4th Street,A student reported a phone theft.,Open
2023-1082,05/09/23 10:56 AM,05/08/23 07:15 PM,Forgery / Larceny,105 East 17th Street,A staff member reported an attempted theft via forged document.,Open
2023-1077,05/08/23 06:00 PM,05/02/23 02:45 AM - 05/03/23 04:00 PM,Harassment,Second Street Hall,An RA reported a harassment.,Open
01211-2023,05/08/23 02:00 PM,05/07/23 - 05/08/23,Criminal Mischief,Coral Towers Hall,A faculty member reported graffiti.,Closed/Referred to Office of Student Conduct & Community Standards
2023-1075,05/08/23 12:30 PM,05/08/23 12:00 PM - 05/08/23 12:05 PM,Recovered Property (reclassified from Larceny),6 Metro Tech,A campus safety officer reported missing personal property. The items were reported recovered on 5/11/2023,Closed
2023-1072,05/07/23 06:05 PM,05/07/23 05:56 PM,Harassment,Vanderbilt Hall Courtyard,A student reported a harassment.,Open
2023-1070,05/07/23 04:50 PM,05/06/23 07:55 PM - 05/07/23 04:00 PM,Harassment,Carlyle Court Residence Hall,A student reported a harassment.,Open
2023-1069,05/06/23 11:00 AM,05/05/23 - 05/06/23,Criminal Mischief,35 West 4th Street,A faculty member reported graffiti.,Open
2023-1068,05/07/23 08:25 AM,05/06/23 - 05/07/23,Criminal Mischief,Kimmel Center - exterior,A campus safety officer reported a graffiti.,Open
2023-1060,05/05/23 12:40 PM,05/05/23 12:32 PM,Harassment,West 3rd Street and LaGuardia Place,A student reported a harassment.,Open
2023-1053,05/04/23 02:53 PM,05/04/23 08:00 AM - 05/04/23 02:50 PM,Motor Vehicle Theft,Othmer Hall - exterior,A student reported an electric scooter theft.,Open
2023-1050,05/04/23 07:26 PM,03/28/23 12:00 AM,Forgery - Altering / Use / Possession of a Forged Instrument,105 East 17th Street,A staff member reported a forgery.,Open
2023-1049,05/04/23 11:22 AM,05/04/23 11:22 AM,Disorderly Conduct,Schwartz Hall,A staff member reported a disorderly conduct.,Open
2023-1049,05/04/23 11:22 AM,05/04/23 11:22 AM - 12/30/99 12:00 AM,Disorderly Conduct,Schwartz Hall,A staff member reported a disorderly conduct.,Open
2023-1043,05/03/23 04:44 PM,05/03/23 12:00 AM - 05/03/23 04:44 PM,Disorderly Conduct,Weissman Hall,A staff member reported a disorderly conduct.,Open
2023-1041,05/03/23 03:47 PM,05/02/23 04:16 PM - 05/02/23 08:00 PM,Larceny,Lafayette Hall,A student reported missing personal property.,Open
2023-1036,05/03/23 12:44 PM,05/01/23 08:30 AM - 05/02/23 05:00 PM,Larceny,Schwartz Hall,A student reported missing personal property.,Open
2023-1034,05/03/23 10:07 AM,05/03/23 10:07 AM,Disorderly Conduct,Starbucks on the Square,A Starbucks employee reported a disorderly conduct.,Open
2023-1033,05/02/23 10:38 PM,05/02/23 11:02 AM - 05/02/23 10:20 PM,Motor Vehicle Theft,Tisch bike racks,A student reported an electronic scooter theft.,Open
2023-1031,05/02/23 04:11 PM,04/13/23 12:00 PM - 04/17/23 09:00 PM,Larceny,5 Washington Place,A faculty member reported missing personal property.,Open
2023-1028,05/02/23 01:53 PM,05/01/23 - 05/02/23,Criminal Mischief,Shimkin Hall - exterior,A campus safety officer reported graffiti.,Open
2023-1023,05/02/23 11:01 AM,05/02/23 12:00 AM - 05/01/23 12:00 AM,Criminal Mischief,Palladium Hall - exterior,A campus safety officer reported graffiti.,Open
01137-2023,05/01/23 11:12 PM,05/01/23 11:12 PM,Liquor Law Violation,Founders Hall,An RA reported underage alcohol possession.,Closed/Referred to Office of Student Conduct & Community Standards
2023-1021,05/01/23 05:00 PM,05/01/23 11:30 AM - 05/01/23 04:45 PM,Motor Vehicle Theft,Tisch Bike Rack,A student reported an electric bike theft.,Open
2023-1019,05/01/23 04:11 PM,05/01/23 04:05 PM,Larceny,University Place & Washington Mews,A student reported a theft.,Open
2023-1018,05/01/23 05:01 PM,04/27/23 09:00 AM - 05/01/23 10:00 AM,Motor Vehicle Theft,Tisch bike racks,A student reported an electronic scooter theft.,Open
01132-2023,05/01/23 12:22 AM,05/01/23 12:22 AM,Liquor Law Violation,Othmer Hall,A staff member reported underage alcohol possession.,Closed/Referred to Office of Student Conduct & Community Standards
